{"circle": [482, 484, 484], "coordinate": [[474, 633, 754, 848, 99.74772334098816, ["three: 99%"]], [589, 735, 123, 208, 92.4327552318573, ["eight: 92%"]], [454, 572, 55, 109, 99.88433122634888, ["nine: 99%"]], [88, 188, 400, 527, 77.6111364364624, ["twelve: 77%"]], [725, 851, 229, 320, 99.58305954933167, ["seven: 99%"]], [763, 897, 545, 620, 97.27658033370972, ["five: 97%"]], [275, 407, 743, 850, 99.61076378822327, ["two: 99%"]], [782, 928, 385, 497, 98.36613535881042, ["six: 98%"]], [341, 439, 51, 182, 81.7892074584961, ["ten: 81%"]], [705, 850, 668, 751, 99.077308177948, ["four: 99%"]], [160, 281, 178, 270, 99.29129481315613, ["eleven: 99%"]], [83, 183, 401, 447, 82.36589431762695, ["one: 82%"]]]}
