{"coordinate": [[104, 248, 346, 391, 98.47612380981445, ["one: 98%"]], [7, 146, 492, 539, 97.21599817276001, ["one: 97%"]], [909, 1020, 472, 576, 94.7507917881012, ["six: 94%"]], [439, 545, 885, 1011, 93.8603162765503, ["two: 93%"]], [239, 355, 844, 948, 91.10874533653259, ["two: 91%"]], [130, 248, 735, 816, 90.44253826141357, ["seven: 90%"]], [259, 353, 75, 140, 89.60064649581909, ["ten: 89%"]], [675, 786, 870, 959, 88.9328122138977, ["four: 88%"]], [864, 968, 685, 805, 85.15694737434387, ["five: 85%"]]], "circle": [526, 526, 526]}
