{"coordinate": [[228, 318, 118, 241, 99.73899722099304, ["ten: 99%"]], [72, 155, 739, 779, 99.59988594055176, ["one: 99%"]], [97, 190, 276, 335, 99.3898868560791, ["eleven: 99%"]], [642, 715, 933, 995, 98.71721863746643, ["four: 98%"]], [445, 539, 43, 109, 96.64338231086731, ["nine: 96%"]], [20, 84, 512, 587, 96.3230550289154, ["twelve: 96%"]], [941, 1012, 529, 595, 96.16460800170898, ["six: 96%"]], [428, 505, 979, 1029, 90.52155613899231, ["seven: 90%"]], [215, 294, 888, 938, 81.17321729660034, ["two: 81%"]]], "circle": [536, 536, 537]}
