{"coordinate": [[854, 971, 518, 576, 96.7854380607605, ["six: 96%"]], [87, 164, 713, 743, 96.4589774608612, ["one: 96%"]], [421, 509, 73, 132, 94.03157830238342, ["nine: 94%"]], [620, 726, 128, 184, 93.4395968914032, ["eight: 93%"]], [84, 164, 323, 364, 90.6471312046051, ["eleven: 90%"]], [641, 714, 859, 902, 88.44895958900452, ["four: 88%"]], [41, 133, 498, 569, 76.79595351219177, ["twelve: 76%"]], [778, 875, 719, 774, 75.70405602455139, ["five: 75%"]], [231, 310, 163, 236, 74.06502366065979, ["ten: 74%"]], [436, 514, 905, 949, 60.44378876686096, ["three: 60%"]], [218, 300, 840, 883, 53.43315005302429, ["two: 53%"]]], "circle": [516, 516, 511]}
