{"circle": [536, 536, 529], "coordinate": [[215, 294, 888, 938, 81.17320537567139, ["two: 81%"]], [428, 505, 979, 1029, 90.52146673202515, ["seven: 90%"]], [228, 318, 118, 241, 99.73899722099304, ["ten: 99%"]], [20, 84, 512, 587, 96.32304310798645, ["twelve: 96%"]], [97, 190, 276, 335, 99.3898868560791, ["eleven: 99%"]], [445, 539, 43, 109, 96.64338231086731, ["nine: 96%"]], [670, 756, 102, 169, 64.44355845451355, ["eight: 64%"]], [72, 155, 739, 779, 99.59988594055176, ["one: 99%"]], [642, 715, 933, 995, 98.71721863746643, ["four: 98%"]], [941, 1012, 529, 595, 96.16464376449585, ["six: 96%"]]]}
