{
    "coordinate": [
        [
            26,
            133,
            437,
            534,
            99.83654618263245,
            [
                "twelve: 99%"
            ]
        ],
        [
            682,
            785,
            835,
            909,
            99.69899654388428,
            [
                "four: 99%"
            ]
        ],
        [
            91,
            224,
            263,
            338,
            95.928293466568,
            [
                "eleven: 95%"
            ]
        ],
        [
            435,
            532,
            53,
            138,
            51.66652798652649,
            [
                "nine: 51%"
            ]
        ],
        [
            822,
            941,
            662,
            773,
            93.66276860237122,
            [
                "two: 93%"
            ]
        ],
        [
            235,
            336,
            812,
            904,
            99.89168643951416,
            [
                "two: 99%"
            ]
        ],
        [
            443,
            540,
            918,
            1008,
            96.81801199913025,
            [
                "three: 96%"
            ]
        ],
        [
            250,
            351,
            114,
            212,
            89.58020210266113,
            [
                "ten: 89%"
            ]
        ],
        [
            631,
            764,
            115,
            198,
            92.20280051231384,
            [
                "eight: 92%"
            ]
        ],
        [
            822,
            927,
            231,
            325,
            83.9925467967987,
            [
                "seven: 83%"
            ]
        ],
        [
            881,
            1005,
            493,
            571,
            99.61649179458618,
            [
                "six: 99%"
            ]
        ],
        [
            108,
            203,
            716,
            755,
            99.68087077140808,
            [
                "one: 99%"
            ]
        ]
    ],
    "circle": [
        526,
        526,
        526
    ]
}