{"coordinate": [[13, 79, 455, 531, 99.89603757858276, ["twelve: 99%"]], [779, 877, 236, 304, 99.74420070648193, ["seven: 99%"]], [627, 727, 106, 170, 99.61129426956177, ["eight: 99%"]], [649, 738, 815, 878, 99.38032627105713, ["four: 99%"]], [279, 352, 70, 160, 99.0680992603302, ["ten: 99%"]], [446, 535, 882, 938, 98.80700707435608, ["three: 98%"]], [800, 881, 663, 732, 98.73615503311157, ["five: 98%"]], [459, 553, 20, 84, 96.05258107185364, ["nine: 96%"]], [879, 949, 457, 508, 85.07988452911377, ["six: 85%"]], [113, 178, 194, 277, 82.40705728530884, ["two: 82%"]]], "circle": [484, 484, 476]}
