{"circle": [536, 536, 537], "coordinate": [[823, 971, 693, 788, 97.22853899002075, ["five: 97%"]], [441, 560, 98, 171, 94.55766081809998, ["nine: 94%"]], [240, 361, 141, 255, 99.73695278167725, ["ten: 99%"]], [858, 1006, 529, 587, 99.51763153076172, ["six: 99%"]], [641, 765, 146, 228, 97.88626432418823, ["eight: 97%"]], [500, 621, 931, 1035, 82.98434019088745, ["three: 82%"]], [21, 133, 501, 615, 96.53042554855347, ["twelve: 96%"]], [809, 975, 321, 400, 97.0799446105957, ["four: 97%"]], [59, 212, 341, 416, 99.5246946811676, ["eleven: 99%"]], [63, 204, 728, 767, 99.01354908943176, ["one: 99%"]], [709, 853, 866, 945, 97.46915698051453, ["four: 97%"]]]}
