{
    "circle": [
        518,
        516,
        510
    ],
    "coordinate": [
        [
            894,
            984,
            515,
            602,
            99.1061806678772,
            [
                "six: 99%"
            ]
        ],
        [
            441,
            541,
            100,
            173,
            97.63514995574951,
            [
                "nine: 97%"
            ]
        ],
        [
            66,
            144,
            444,
            557,
            97.72891998291016,
            [
                "twelve: 97%"
            ]
        ],
        [
            455,
            554,
            897,
            962,
            97.77772426605225,
            [
                "three: 97%"
            ]
        ],
        [
            485,
            557,
            479,
            544,
            98.98776412010193,
            [
                "ten: 98%"
            ]
        ]
    ]
}