{"circle": [518, 516, 510], "coordinate": [[655, 761, 112, 180, 99.32160973548889, ["eight: 99%"]], [813, 922, 256, 312, 99.95562434196472, ["seven: 99%"]], [86, 196, 306, 382, 98.7302303314209, ["eleven: 98%"]], [832, 920, 699, 762, 99.84301924705505, ["five: 99%"]], [248, 332, 165, 240, 99.759441614151, ["ten: 99%"]], [76, 168, 449, 532, 97.19427824020386, ["twelve: 97%"]], [875, 963, 480, 536, 98.93767833709717, ["six: 98%"]], [485, 577, 892, 946, 71.2196946144104, ["three: 71%"]], [129, 200, 670, 712, 99.90471005439758, ["one: 99%"]], [433, 529, 87, 142, 99.8198926448822, ["nine: 99%"]], [268, 368, 830, 879, 93.124920129776, ["nine: 93%"]]]}
