{"circle": [484, 484, 476], "coordinate": [[209, 310, 752, 817, 99.98277425765991, ["two: 99%"]], [105, 197, 245, 308, 99.74762797355652, ["eleven: 99%"]], [711, 853, 253, 311, 88.15635442733765, ["seven: 88%"]], [103, 182, 657, 692, 98.6400842666626, ["one: 98%"]], [431, 514, 64, 121, 93.15725564956665, ["nine: 93%"]], [589, 696, 819, 866, 77.16519236564636, ["four: 77%"]], [27, 132, 429, 513, 99.74775910377502, ["twelve: 99%"]], [252, 333, 122, 205, 99.57947731018066, ["ten: 99%"]]]}
