{"coordinate": [[662, 741, 787, 856, 98.32820296287537, ["four: 98%"]], [182, 277, 272, 325, 53.5740852355957, ["eleven: 53%"]], [150, 217, 717, 743, 95.44248580932617, ["one: 95%"]], [504, 578, 92, 156, 46.76450788974762, ["nine: 46%"]], [791, 864, 625, 704, 52.82313823699951, ["five: 52%"]], [57, 143, 425, 505, 97.97618389129639, ["twelve: 97%"]], [797, 861, 254, 321, 40.02622067928314, ["eight: 40%"]], [808, 905, 471, 535, 93.42097043991089, ["six: 93%"]], [334, 398, 132, 210, 69.36978697776794, ["ten: 69%"]], [502, 568, 854, 896, 69.50960159301758, ["three: 69%"]], [308, 377, 825, 861, 43.86453032493591, ["two: 43%"]]], "circle": [478, 484, 480]}
