{"circle": [484, 484, 484], "coordinate": [[90, 139, 224, 257, 70.25837898254395, ["one: 70%"]], [471, 549, 855, 899, 76.34471654891968, ["two: 76%"]], [750, 832, 268, 320, 99.9174177646637, ["seven: 99%"]], [163, 224, 649, 681, 99.47459697723389, ["one: 99%"]], [321, 376, 112, 150, 98.99090528488159, ["one: 98%"]], [745, 823, 636, 694, 99.00153279304504, ["five: 99%"]], [7, 51, 456, 488, 91.13631844520569, ["one: 91%"]], [174, 239, 255, 308, 99.79435801506042, ["eleven: 99%"]], [822, 896, 443, 501, 87.15454936027527, ["six: 87%"]], [617, 703, 148, 201, 99.3637204170227, ["eight: 99%"]], [628, 707, 774, 821, 99.00013208389282, ["four: 99%"]]]}
