{"circle": [538, 536, 529], "coordinate": [[887, 984, 288, 348, 96.29216194152832, ["seven: 96%"]], [710, 800, 914, 972, 99.76581335067749, ["four: 99%"]], [335, 436, 80, 179, 99.89297986030579, ["ten: 99%"]], [933, 1034, 517, 573, 99.70743656158447, ["six: 99%"]], [100, 193, 733, 769, 99.60527420043945, ["one: 99%"]], [44, 164, 465, 564, 99.28350448608398, ["twelve: 99%"]], [844, 933, 763, 842, 98.70628714561462, ["five: 98%"]], [484, 592, 930, 998, 99.1189956665039, ["three: 99%"]], [739, 851, 150, 211, 99.09948706626892, ["eight: 99%"]], [286, 417, 918, 1005, 99.88252520561218, ["two: 99%"]], [497, 599, 70, 127, 99.61186647415161, ["nine: 99%"]], [200, 301, 185, 266, 97.61821031570435, ["eleven: 97%"]]]}
