{"circle": [484, 484, 484], "coordinate": [[89, 200, 413, 447, 99.62032437324524, ["one: 99%"]], [782, 921, 466, 531, 99.58537817001343, ["six: 99%"]], [86, 193, 473, 543, 99.84801411628723, ["two: 99%"]], [587, 698, 101, 179, 97.9701280593872, ["eight: 97%"]], [686, 796, 734, 799, 99.13830161094666, ["four: 99%"]], [118, 220, 244, 308, 99.23959970474243, ["eleven: 99%"]], [766, 899, 625, 688, 95.44588327407837, ["five: 95%"]], [550, 653, 820, 874, 89.5502507686615, ["three: 89%"]], [344, 450, 808, 867, 99.50792789459229, ["two: 99%"]], [685, 817, 220, 306, 94.90567445755005, ["seven: 94%"]], [221, 327, 101, 193, 99.78016018867493, ["ten: 99%"]], [376, 494, 65, 127, 99.52646493911743, ["nine: 99%"]], [173, 266, 695, 736, 96.87800407409668, ["one: 96%"]]]}
