{"circle": [484, 484, 476], "coordinate": [[629, 700, 764, 828, 83.5976243019104, ["nine: 83%"]], [304, 376, 809, 856, 99.43649768829346, ["two: 99%"]], [475, 526, 80, 116, 76.28344297409058, ["ten: 76%"]], [413, 484, 836, 871, 85.34592390060425, ["five: 85%"]], [68, 117, 436, 490, 99.59536790847778, ["twelve: 99%"]], [132, 197, 649, 687, 98.67618083953857, ["one: 98%"]], [86, 132, 671, 722, 90.74277877807617, ["one: 90%"]], [773, 852, 307, 364, 99.89705085754395, ["seven: 99%"]], [614, 678, 170, 225, 97.60118126869202, ["eight: 97%"]], [321, 378, 104, 163, 79.90068197250366, ["four: 79%"]], [883, 960, 492, 526, 82.8018069267273, ["one: 82%"]], [756, 818, 635, 689, 91.34033918380737, ["five: 91%"]], [804, 870, 479, 526, 98.42990636825562, ["ten: 98%"]], [142, 217, 228, 280, 98.6470878124237, ["eleven: 98%"]]]}
