{"circle": [518, 518, 510], "coordinate": [[11, 80, 464, 516, 84.61306095123291, ["twelve: 84%"]], [873, 936, 278, 320, 75.59507489204407, ["five: 75%"]], [648, 720, 910, 965, 74.35851097106934, ["four: 74%"]], [52, 116, 653, 685, 99.38932657241821, ["one: 99%"]], [249, 320, 102, 151, 97.89223670959473, ["ten: 97%"]], [867, 936, 725, 779, 94.99058127403259, ["five: 94%"]], [479, 538, 476, 539, 93.65822076797485, ["six: 93%"]], [231, 307, 870, 913, 98.66601228713989, ["two: 98%"]], [668, 736, 65, 112, 96.40958905220032, ["eight: 96%"]], [963, 1017, 521, 560, 85.4046106338501, ["six: 85%"]]]}
