{"circle": [484, 484, 476], "coordinate": [[34, 123, 429, 521, 95.4067587852478, ["twelve: 95%"]], [413, 517, 867, 927, 96.86654806137085, ["three: 96%"]], [269, 351, 778, 836, 99.83738660812378, ["two: 99%"]], [755, 848, 670, 739, 98.99134635925293, ["five: 98%"]], [114, 197, 280, 349, 99.47296380996704, ["eleven: 99%"]], [207, 302, 166, 256, 99.89066123962402, ["ten: 99%"]], [599, 712, 812, 871, 98.99951219558716, ["four: 98%"]], [393, 490, 74, 133, 99.49472546577454, ["nine: 99%"]], [657, 761, 159, 244, 82.40466117858887, ["eight: 82%"]], [818, 918, 504, 563, 98.80523681640625, ["six: 98%"]], [809, 888, 347, 400, 99.70921277999878, ["seven: 99%"]], [140, 227, 679, 711, 98.51554036140442, ["one: 98%"]]]}
