{"circle": [488, 486, 480], "coordinate": [[445, 546, 76, 127, 99.57013726234436, ["nine: 99%"]], [136, 212, 657, 696, 99.90919828414917, ["one: 99%"]], [414, 506, 834, 890, 97.84238934516907, ["three: 97%"]], [61, 139, 424, 516, 98.30406308174133, ["twelve: 98%"]], [768, 869, 648, 707, 99.2497980594635, ["five: 99%"]], [623, 736, 134, 223, 79.59141731262207, ["eight: 79%"]], [277, 372, 159, 227, 96.75301313400269, ["ten: 96%"]], [843, 929, 467, 520, 97.62489795684814, ["six: 97%"]], [263, 341, 754, 819, 99.90918636322021, ["two: 99%"]], [617, 730, 768, 837, 99.49643611907959, ["four: 99%"]], [758, 862, 305, 371, 99.64959025382996, ["seven: 99%"]], [154, 232, 237, 296, 99.50540065765381, ["eleven: 99%"]]]}
