{"circle": [484, 484, 484], "coordinate": [[299, 360, 792, 847, 99.42593574523926, ["two: 99%"]], [98, 167, 242, 304, 99.8298704624176, ["eleven: 99%"]], [125, 192, 691, 734, 99.76048469543457, ["one: 99%"]], [258, 331, 88, 157, 99.92040991783142, ["ten: 99%"]], [632, 713, 124, 179, 99.39374923706055, ["eight: 99%"]], [423, 512, 44, 94, 99.25446510314941, ["nine: 99%"]], [620, 702, 819, 876, 98.05800318717957, ["four: 98%"]], [433, 519, 863, 915, 99.24363493919373, ["three: 99%"]], [26, 86, 436, 499, 92.55746603012085, ["twelve: 92%"]], [858, 934, 452, 500, 99.87572431564331, ["six: 99%"]], [765, 848, 672, 729, 99.35842156410217, ["five: 99%"]], [814, 882, 272, 319, 99.43101406097412, ["seven: 99%"]]]}
