{"circle": [484, 484, 484], "coordinate": [[800, 870, 669, 723, 96.82218432426453, ["five: 96%"]], [102, 167, 695, 733, 99.84167814254761, ["one: 99%"]], [31, 101, 426, 502, 99.09965991973877, ["eleven: 99%"]], [650, 729, 112, 164, 99.75480437278748, ["eight: 99%"]], [822, 888, 264, 318, 99.55982565879822, ["seven: 99%"]], [252, 322, 102, 171, 99.41919445991516, ["ten: 99%"]], [860, 943, 477, 522, 99.83130693435669, ["six: 99%"]], [320, 386, 829, 874, 98.10311198234558, ["two: 98%"]], [100, 181, 254, 328, 99.73003268241882, ["eleven: 99%"]], [431, 519, 54, 110, 99.40547347068787, ["nine: 99%"]]]}
