{"circle": [518, 516, 518], "coordinate": [[577, 685, 906, 957, 97.53307104110718, ["four: 97%"]], [889, 998, 547, 601, 99.35383200645447, ["six: 99%"]], [680, 760, 718, 804, 95.48186659812927, ["two: 95%"]], [505, 594, 37, 117, 80.62453269958496, ["nine: 80%"]], [29, 139, 472, 547, 98.85402321815491, ["twelve: 98%"]], [132, 251, 238, 322, 98.74352216720581, ["eleven: 98%"]], [236, 332, 807, 864, 96.6501533985138, ["two: 96%"]], [852, 967, 336, 409, 99.69968795776367, ["seven: 99%"]], [320, 404, 69, 163, 98.67056012153625, ["ten: 98%"]], [757, 863, 798, 870, 75.41399598121643, ["two: 75%"]], [49, 154, 678, 717, 99.65140223503113, ["one: 99%"]], [392, 502, 879, 939, 94.17714476585388, ["three: 94%"]], [703, 806, 142, 216, 98.7553358078003, ["eight: 98%"]]]}
