{"circle": [536, 536, 536], "coordinate": [[694, 780, 858, 928, 77.3998498916626, ["four: 77%"]], [874, 949, 308, 354, 99.9797523021698, ["seven: 99%"]], [944, 1034, 526, 594, 98.82441759109497, ["six: 98%"]], [717, 807, 128, 187, 74.85584020614624, ["eight: 74%"]], [246, 335, 831, 902, 99.68240261077881, ["two: 99%"]], [463, 535, 938, 987, 96.26680016517639, ["two: 96%"]], [51, 118, 477, 570, 95.89035511016846, ["twelve: 95%"]], [483, 571, 72, 131, 80.94906806945801, ["nine: 80%"]], [293, 372, 107, 194, 99.58838820457458, ["ten: 99%"]], [91, 177, 693, 740, 99.67556595802307, ["one: 99%"]], [122, 193, 231, 301, 99.39414262771606, ["eleven: 99%"]], [854, 932, 732, 802, 97.10949063301086, ["five: 97%"]]]}
