{"circle": [484, 482, 476], "coordinate": [[88, 210, 242, 296, 90.39393663406372, ["eleven: 90%"]], [738, 847, 206, 297, 55.159562826156616, ["seven: 55%"]], [47, 130, 428, 539, 91.5656328201294, ["twelve: 91%"]], [609, 715, 93, 159, 93.25562119483948, ["eight: 93%"]], [777, 876, 586, 665, 87.09059357643127, ["five: 87%"]], [479, 570, 818, 877, 43.921083211898804, ["three: 43%"]], [821, 917, 436, 516, 60.95050573348999, ["six: 60%"]], [285, 372, 775, 844, 80.07259368896484, ["two: 80%"]], [677, 748, 753, 820, 93.49995851516724, ["four: 93%"]], [134, 214, 664, 690, 94.09703612327576, ["one: 94%"]], [244, 323, 104, 180, 91.9141173362732, ["ten: 91%"]], [423, 502, 61, 112, 94.74616050720215, ["nine: 94%"]]]}
