{"circle": [478, 484, 480], "coordinate": [[783, 855, 236, 301, 34.40708816051483, ["seven: 34%"]], [168, 223, 691, 714, 87.91564702987671, ["one: 87%"]], [799, 886, 604, 682, 45.85142433643341, ["eight: 45%"]], [810, 925, 439, 497, 90.996915102005, ["six: 90%"]], [522, 585, 833, 879, 85.89746356010437, ["two: 85%"]], [382, 471, 85, 157, 44.921573996543884, ["ten: 44%"]], [78, 178, 415, 488, 83.37329030036926, ["twelve: 83%"]], [154, 233, 318, 359, 36.70762777328491, ["eleven: 36%"]], [814, 885, 614, 684, 34.712594747543335, ["five: 34%"]], [665, 748, 782, 846, 90.12352228164673, ["four: 90%"]]]}
