{"circle": [538, 536, 529], "coordinate": [[570, 671, 66, 150, 93.14449429512024, ["nine: 93%"]], [320, 417, 119, 211, 99.93653893470764, ["ten: 99%"]], [99, 190, 695, 739, 99.85678195953369, ["one: 99%"]], [131, 251, 260, 344, 99.11959171295166, ["eleven: 99%"]], [921, 1021, 525, 588, 99.4211494922638, ["six: 99%"]], [756, 853, 145, 223, 97.72000908851624, ["eight: 97%"]], [284, 379, 872, 937, 97.63953685760498, ["two: 97%"]], [877, 968, 317, 380, 99.90641474723816, ["seven: 99%"]], [845, 954, 756, 821, 99.62453246116638, ["five: 99%"]], [671, 777, 899, 954, 90.96227288246155, ["four: 90%"]]]}
