{"circle": [518, 516, 510], "coordinate": [[941, 1010, 512, 557, 79.77587580680847, ["six: 79%"]], [310, 365, 93, 153, 71.1998999118805, ["ten: 71%"]], [112, 170, 685, 731, 99.46463704109192, ["one: 99%"]], [873, 938, 307, 344, 95.62981128692627, ["one: 95%"]], [52, 131, 435, 505, 91.94116592407227, ["eleven: 91%"]], [665, 730, 103, 143, 87.4539315700531, ["nine: 87%"]], [471, 549, 14, 68, 86.67263984680176, ["nine: 86%"]], [282, 354, 840, 874, 88.48274946212769, ["two: 88%"]], [147, 211, 222, 274, 98.5306978225708, ["eleven: 98%"]], [848, 918, 701, 742, 95.19091248512268, ["five: 95%"]], [471, 548, 28, 59, 74.10515546798706, ["nine: 74%"]]]}
