{"coordinate": [[265, 318, 89, 144, 97.02637195587158, ["ten: 97%"]], [611, 668, 790, 823, 81.81423544883728, ["four: 81%"]], [790, 862, 481, 524, 68.31338405609131, ["six: 68%"]], [58, 124, 430, 492, 65.44234156608582, ["twelve: 65%"]], [115, 171, 230, 273, 75.42271018028259, ["eleven: 75%"]], [239, 292, 780, 815, 52.10844278335571, ["two: 52%"]], [460, 513, 67, 104, 48.20893406867981, ["nine: 48%"]], [124, 172, 668, 694, 92.98638701438904, ["one: 92%"]], [622, 691, 110, 154, 55.61676025390625, ["eight: 55%"]]], "circle": [484, 484, 484]}
