{"circle": [518, 516, 518], "coordinate": [[353, 448, 867, 938, 75.53372383117676, ["three: 75%"]], [214, 303, 780, 858, 99.05299544334412, ["two: 99%"]], [830, 865, 349, 376, 72.62868285179138, ["one: 72%"]], [406, 512, 101, 200, 81.72218799591064, ["ten: 81%"]], [191, 301, 222, 316, 97.21003770828247, ["eleven: 97%"]], [111, 195, 687, 726, 98.57401251792908, ["one: 98%"]], [583, 680, 868, 925, 99.51399564743042, ["four: 99%"]], [829, 933, 572, 624, 98.96680116653442, ["six: 98%"]], [760, 878, 274, 328, 99.32021498680115, ["eight: 99%"]], [481, 533, 500, 529, 83.71027708053589, ["one: 83%"]], [724, 819, 773, 834, 98.5126256942749, ["five: 98%"]], [73, 178, 424, 475, 98.80282878875732, ["one: 98%"]], [72, 161, 473, 539, 86.53960824012756, ["two: 86%"]]]}
