{"circle": [518, 518, 510], "coordinate": [[23, 90, 469, 532, 99.08521771430969, ["twelve: 99%"]], [150, 231, 206, 260, 99.7516393661499, ["eleven: 99%"]], [343, 417, 123, 187, 99.62692260742188, ["ten: 99%"]], [534, 615, 123, 184, 99.22298789024353, ["nine: 99%"]], [763, 820, 212, 263, 96.47424221038818, ["eight: 96%"]], [851, 939, 682, 736, 99.03836846351624, ["five: 99%"]], [142, 203, 810, 849, 99.6469259262085, ["one: 99%"]], [929, 995, 519, 567, 99.243825674057, ["six: 99%"]], [290, 372, 890, 929, 98.67640137672424, ["two: 98%"]]]}
