{"circle": [518, 516, 518], "coordinate": [[38, 110, 407, 441, 99.71978664398193, ["one: 99%"]], [44, 130, 661, 696, 99.16924238204956, ["one: 99%"]], [873, 982, 527, 594, 98.33531379699707, ["six: 98%"]], [91, 186, 239, 299, 97.98306226730347, ["eleven: 97%"]], [758, 872, 775, 837, 98.89393448829651, ["five: 98%"]], [630, 738, 105, 170, 95.39681077003479, ["eight: 95%"]], [214, 305, 125, 207, 99.97020363807678, ["ten: 99%"]], [821, 916, 272, 331, 97.55796194076538, ["seven: 97%"]], [376, 471, 885, 934, 97.05285429954529, ["three: 97%"]], [21, 109, 456, 511, 99.24907088279724, ["two: 99%"]], [202, 289, 820, 885, 99.5879054069519, ["two: 99%"]], [608, 708, 878, 943, 99.22279715538025, ["four: 99%"]]]}
