{"circle": [538, 536, 529], "coordinate": [[910, 980, 798, 842, 75.8221447467804, ["seven: 75%"]], [154, 248, 708, 756, 91.17923378944397, ["one: 91%"]], [682, 771, 827, 890, 99.08599853515625, ["four: 99%"]], [13, 99, 520, 560, 80.01693487167358, ["one: 80%"]], [751, 826, 922, 983, 98.78318905830383, ["seven: 98%"]], [279, 334, 953, 1015, 98.63775968551636, ["one: 98%"]], [107, 162, 785, 839, 98.52609038352966, ["one: 98%"]], [805, 893, 727, 795, 99.57507848739624, ["five: 99%"]], [468, 561, 112, 183, 93.60392689704895, ["nine: 93%"]], [291, 385, 148, 241, 99.70952272415161, ["ten: 99%"]], [868, 962, 505, 575, 99.4251012802124, ["six: 99%"]], [669, 766, 151, 224, 94.72649693489075, ["eight: 94%"]], [148, 227, 304, 375, 99.57719445228577, ["eleven: 99%"]], [119, 217, 488, 579, 99.21835064888, ["twelve: 99%"]], [807, 892, 306, 362, 97.49553203582764, ["seven: 97%"]], [301, 384, 836, 896, 99.14933443069458, ["two: 99%"]]]}
