{"circle": [536, 536, 537], "coordinate": [[315, 382, 923, 970, 99.86660480499268, ["two: 99%"]], [114, 179, 781, 822, 99.4141161441803, ["one: 99%"]], [140, 236, 291, 351, 99.93882179260254, ["eleven: 99%"]], [725, 815, 906, 950, 84.01828408241272, ["seven: 84%"]], [493, 581, 105, 154, 92.50664710998535, ["nine: 92%"]], [36, 129, 507, 584, 98.61438274383545, ["twelve: 98%"]], [863, 961, 307, 368, 94.09782290458679, ["seven: 94%"]], [859, 936, 779, 834, 97.52700924873352, ["five: 97%"]], [939, 1010, 552, 606, 99.21742677688599, ["six: 99%"]], [707, 790, 151, 213, 99.2942214012146, ["eight: 99%"]], [324, 403, 137, 210, 98.58275651931763, ["ten: 98%"]], [552, 634, 951, 1001, 98.22424650192261, ["three: 98%"]]]}
