{"circle": [482, 484, 474], "coordinate": [[776, 880, 588, 657, 99.60397481918335, ["five: 99%"]], [737, 845, 210, 289, 84.93125438690186, ["seven: 84%"]], [237, 339, 103, 188, 99.93220567703247, ["ten: 99%"]], [455, 574, 814, 876, 98.72366189956665, ["three: 98%"]], [617, 719, 96, 167, 98.94182085990906, ["eight: 98%"]], [89, 212, 234, 306, 95.59761881828308, ["eleven: 95%"]], [36, 138, 442, 559, 93.11686754226685, ["twelve: 93%"]], [651, 750, 747, 824, 99.14041757583618, ["four: 99%"]], [278, 377, 771, 867, 99.92499947547913, ["two: 99%"]], [126, 225, 661, 700, 99.33010339736938, ["one: 99%"]], [812, 929, 434, 508, 99.37997460365295, ["six: 99%"]], [409, 521, 61, 111, 96.65811657905579, ["nine: 96%"]]]}
