{"coordinate": [[46, 133, 498, 567, 95.83637714385986, ["twelve: 95%"]], [842, 938, 765, 833, 81.71855211257935, ["five: 81%"]], [472, 536, 974, 1022, 36.31054759025574, ["three: 36%"]], [688, 796, 114, 183, 96.73101902008057, ["eight: 96%"]], [249, 338, 877, 927, 88.40071558952332, ["two: 88%"]], [142, 216, 291, 340, 95.60778737068176, ["eleven: 95%"]], [940, 1041, 529, 572, 93.02472472190857, ["six: 93%"]], [138, 216, 769, 798, 95.79497575759888, ["one: 95%"]], [304, 377, 157, 228, 93.55552792549133, ["ten: 93%"]], [491, 586, 43, 93, 61.321425437927246, ["nine: 61%"]], [685, 783, 916, 963, 88.09696435928345, ["four: 88%"]]], "circle": [536, 536, 529]}
