{"circle": [484, 484, 484], "coordinate": [[728, 804, 701, 754, 97.29225039482117, ["five: 97%"]], [236, 301, 778, 830, 94.8216438293457, ["two: 94%"]], [115, 172, 662, 704, 99.86910223960876, ["one: 99%"]], [256, 331, 87, 158, 99.81464147567749, ["ten: 99%"]], [791, 874, 484, 532, 99.06043410301208, ["six: 99%"]], [56, 122, 429, 504, 98.4006941318512, ["twelve: 98%"]], [606, 671, 790, 833, 92.13173389434814, ["four: 92%"]], [107, 179, 220, 282, 99.8250424861908, ["eleven: 99%"]], [630, 702, 115, 172, 98.7275779247284, ["eight: 98%"]], [450, 522, 66, 113, 99.26708936691284, ["nine: 99%"]], [415, 496, 824, 873, 84.57152247428894, ["three: 84%"]]]}
