{"circle": [518, 516, 518], "coordinate": [[23, 142, 461, 568, 84.92937088012695, ["twelve: 84%"]], [252, 388, 62, 148, 99.96606111526489, ["ten: 99%"]], [853, 1002, 479, 559, 95.91198563575745, ["six: 95%"]], [661, 781, 848, 929, 92.89807677268982, ["four: 92%"]], [807, 925, 224, 308, 73.09864163398743, ["seven: 73%"]], [59, 157, 665, 699, 99.28162097930908, ["one: 99%"]], [87, 204, 220, 289, 94.38048005104065, ["eleven: 94%"]]]}
