{"circle": [526, 526, 518], "coordinate": [[624, 729, 90, 148, 96.417236328125, ["eight: 96%"]], [224, 312, 126, 189, 90.06606340408325, ["eleven: 90%"]], [338, 416, 883, 933, 85.61663031578064, ["two: 85%"]], [844, 923, 229, 288, 99.98520612716675, ["seven: 99%"]], [39, 120, 516, 585, 96.16085886955261, ["twelve: 96%"]], [853, 934, 715, 766, 99.2579996585846, ["five: 99%"]], [711, 791, 857, 917, 81.95210695266724, ["ten: 81%"]], [467, 558, 934, 985, 98.24495315551758, ["three: 98%"]], [916, 1006, 479, 550, 79.98961806297302, ["six: 79%"]], [166, 264, 768, 810, 99.65834021568298, ["one: 99%"]], [93, 188, 342, 430, 98.79248142242432, ["twelve: 98%"]]]}
