{"circle": [538, 536, 536], "coordinate": [[239, 333, 799, 864, 99.75425004959106, ["two: 99%"]], [59, 167, 479, 579, 96.70467972755432, ["twelve: 96%"]], [883, 1007, 540, 603, 99.66211318969727, ["six: 99%"]], [805, 919, 730, 795, 98.52973818778992, ["five: 98%"]], [124, 265, 291, 392, 98.23251962661743, ["eleven: 98%"]], [280, 395, 171, 276, 99.85287189483643, ["ten: 99%"]], [439, 531, 905, 965, 99.15564060211182, ["three: 99%"]], [672, 814, 150, 235, 99.1570234298706, ["eight: 99%"]], [420, 588, 93, 163, 89.29332494735718, ["nine: 89%"]], [110, 235, 707, 744, 99.79429841041565, ["one: 99%"]], [620, 768, 877, 947, 99.20507073402405, ["four: 99%"]], [840, 986, 313, 400, 94.5577323436737, ["seven: 94%"]]]}
