{"coordinate": [[616, 703, 815, 866, 96.13269567489624, ["four: 96%"]], [432, 507, 874, 928, 88.61775398254395, ["three: 88%"]], [830, 911, 505, 562, 91.3392722606659, ["six: 91%"]], [147, 220, 680, 707, 93.63621473312378, ["one: 93%"]], [53, 127, 432, 509, 84.97781753540039, ["twelve: 84%"]], [216, 288, 168, 242, 80.12038469314575, ["ten: 80%"]], [271, 352, 780, 824, 82.40559101104736, ["two: 82%"]], [760, 841, 674, 732, 81.96592926979065, ["five: 81%"]], [400, 479, 75, 132, 87.60267496109009, ["nine: 87%"]], [118, 181, 292, 343, 82.55428671836853, ["eleven: 82%"]], [650, 745, 153, 233, 84.05405282974243, ["eight: 84%"]]], "circle": [484, 484, 476]}
