{"circle": [538, 536, 536], "coordinate": [[775, 838, 93, 160, 70.86636424064636, ["four: 70%"]], [703, 804, 153, 229, 96.10665440559387, ["eight: 96%"]], [321, 422, 835, 901, 99.94018077850342, ["two: 99%"]], [238, 327, 918, 967, 98.20114374160767, ["one: 98%"]], [800, 892, 321, 392, 95.47648429870605, ["seven: 95%"]], [176, 289, 739, 793, 80.14213442802429, ["one: 80%"]], [74, 156, 762, 807, 95.51912546157837, ["one: 95%"]], [124, 259, 483, 590, 97.68732786178589, ["twelve: 97%"]], [14, 139, 520, 559, 97.98751473426819, ["one: 97%"]], [699, 776, 823, 883, 99.7654139995575, ["four: 99%"]], [887, 987, 495, 561, 89.95004296302795, ["six: 89%"]], [992, 1072, 514, 563, 98.23158383369446, ["one: 98%"]], [332, 435, 156, 247, 99.80229139328003, ["ten: 99%"]], [484, 601, 92, 154, 98.14620018005371, ["nine: 98%"]], [915, 993, 702, 763, 73.09038639068604, ["seven: 73%"]], [503, 627, 909, 972, 99.79386925697327, ["three: 99%"]], [915, 989, 290, 329, 94.46908235549927, ["one: 94%"]], [174, 279, 263, 355, 99.75542426109314, ["eleven: 99%"]], [836, 938, 665, 726, 97.96143174171448, ["five: 97%"]]]}
