{"circle": [534, 540, 533], "coordinate": [[159, 239, 721, 764, 98.55140447616577, ["one: 98%"]], [659, 769, 144, 216, 97.61784672737122, ["eight: 97%"]], [940, 1045, 509, 566, 99.89871382713318, ["six: 99%"]], [126, 237, 259, 334, 72.02949523925781, ["eleven: 72%"]], [271, 365, 817, 897, 99.83090162277222, ["two: 99%"]], [676, 778, 844, 908, 99.66075420379639, ["four: 99%"]], [65, 139, 483, 573, 73.98504614830017, ["two: 73%"]], [840, 944, 700, 769, 99.87764954566956, ["five: 99%"]], [857, 975, 294, 378, 94.44668292999268, ["seven: 94%"]], [436, 572, 928, 997, 99.68538880348206, ["three: 99%"]], [275, 361, 140, 214, 95.25992274284363, ["ten: 95%"]]]}
