{"circle": [518, 516, 510], "coordinate": [[412, 522, 74, 138, 99.29994344711304, ["nine: 99%"]], [28, 132, 497, 580, 98.07141423225403, ["twelve: 98%"]], [784, 887, 725, 775, 98.17090034484863, ["five: 98%"]], [83, 173, 712, 752, 99.70692992210388, ["one: 99%"]], [628, 735, 132, 196, 98.8951027393341, ["eight: 98%"]], [83, 177, 313, 378, 99.85517859458923, ["eleven: 99%"]], [801, 900, 291, 339, 99.80751276016235, ["seven: 99%"]], [425, 517, 898, 959, 72.41761684417725, ["three: 72%"]], [621, 713, 861, 913, 89.01471495628357, ["four: 89%"]], [221, 321, 165, 251, 99.40897226333618, ["ten: 99%"]], [209, 309, 840, 898, 97.79229164123535, ["two: 97%"]], [858, 972, 520, 580, 99.61206316947937, ["six: 99%"]]]}
