{"circle": [518, 516, 510], "coordinate": [[871, 926, 231, 270, 79.61128354072571, ["seven: 79%"]], [484, 536, 981, 1016, 70.49237489700317, ["seven: 70%"]], [887, 956, 678, 725, 78.99121046066284, ["one: 78%"]], [201, 265, 874, 920, 95.97775340080261, ["one: 95%"]], [346, 416, 121, 190, 99.92671608924866, ["ten: 99%"]], [69, 123, 707, 747, 95.27149796485901, ["one: 95%"]], [12, 65, 459, 516, 76.60054564476013, ["one: 76%"]], [725, 794, 845, 913, 95.4619288444519, ["seven: 95%"]], [472, 554, 908, 954, 96.59111499786377, ["three: 96%"]], [182, 250, 227, 287, 99.91909861564636, ["eleven: 99%"]], [254, 323, 812, 852, 77.44593024253845, ["two: 77%"]], [882, 1000, 489, 531, 70.71828842163086, ["eight: 70%"]], [486, 583, 65, 115, 98.51754307746887, ["nine: 98%"]], [132, 191, 680, 710, 99.92355108261108, ["one: 99%"]], [817, 893, 636, 694, 99.83213543891907, ["five: 99%"]], [809, 918, 643, 700, 83.17961096763611, ["five: 83%"]], [98, 168, 454, 520, 99.29876923561096, ["twelve: 99%"]], [276, 348, 71, 123, 95.91831564903259, ["one: 95%"]], [656, 749, 132, 200, 97.46954441070557, ["eight: 97%"]], [680, 754, 776, 836, 97.26170301437378, ["four: 97%"]]]}
