{"circle": [538, 536, 537], "coordinate": [[453, 554, 948, 1001, 71.30662798881531, ["two: 71%"]], [254, 340, 120, 194, 99.82705116271973, ["ten: 99%"]], [650, 743, 123, 192, 98.79087805747986, ["eight: 98%"]], [96, 178, 293, 354, 99.77670907974243, ["eleven: 99%"]], [100, 194, 732, 770, 99.49977397918701, ["one: 99%"]], [484, 577, 41, 101, 94.17473673820496, ["nine: 94%"]], [858, 945, 733, 799, 99.14490580558777, ["five: 99%"]], [856, 936, 300, 346, 99.80685114860535, ["seven: 99%"]], [227, 312, 873, 934, 98.74579310417175, ["two: 98%"]], [924, 1022, 508, 575, 99.55400824546814, ["six: 99%"]], [33, 105, 490, 568, 98.84699583053589, ["twelve: 98%"]]]}
