{"circle": [518, 518, 510], "coordinate": [[39, 150, 449, 549, 99.4401752948761, ["twelve: 99%"]], [798, 903, 719, 788, 99.32687878608704, ["five: 99%"]], [123, 216, 258, 349, 98.22767376899719, ["eleven: 98%"]], [265, 364, 827, 891, 99.89030361175537, ["two: 99%"]], [631, 735, 851, 917, 98.12372326850891, ["four: 98%"]], [117, 208, 682, 727, 99.86182451248169, ["one: 99%"]], [421, 517, 890, 959, 91.83063507080078, ["three: 91%"]], [273, 367, 131, 224, 99.919193983078, ["ten: 99%"]], [848, 952, 312, 373, 98.48868250846863, ["seven: 98%"]], [434, 552, 84, 157, 97.76290655136108, ["nine: 97%"]], [880, 989, 516, 591, 99.32529330253601, ["six: 99%"]], [669, 780, 171, 235, 98.61159324645996, ["eight: 98%"]]]}
