{"circle": [538, 536, 536], "coordinate": [[335, 462, 79, 181, 99.80283379554749, ["ten: 99%"]], [64, 181, 723, 788, 91.82899594306946, ["one: 91%"]], [24, 126, 475, 567, 99.35505390167236, ["twelve: 99%"]], [892, 1010, 585, 646, 98.99991154670715, ["six: 98%"]], [656, 752, 900, 976, 93.24984550476074, ["four: 93%"]], [789, 928, 832, 906, 93.61927509307861, ["five: 93%"]], [857, 993, 335, 419, 99.56140518188477, ["seven: 99%"]], [247, 359, 868, 923, 88.01211714744568, ["two: 88%"]], [135, 287, 227, 315, 99.21758770942688, ["eleven: 99%"]]]}
