{"circle": [484, 484, 484], "coordinate": [[225, 334, 100, 185, 99.517422914505, ["ten: 99%"]], [578, 701, 90, 176, 98.12988638877869, ["four: 98%"]], [189, 271, 782, 840, 99.91868138313293, ["two: 99%"]], [112, 237, 257, 321, 96.24990224838257, ["eleven: 96%"]], [564, 674, 831, 904, 99.3319034576416, ["four: 99%"]], [754, 880, 259, 326, 73.5252320766449, ["four: 73%"]], [753, 868, 676, 744, 95.79766988754272, ["five: 95%"]], [66, 163, 654, 686, 99.2763340473175, ["one: 99%"]], [377, 484, 858, 942, 95.94925045967102, ["three: 95%"]], [832, 934, 472, 527, 99.14464950561523, ["six: 99%"]], [21, 116, 418, 506, 98.35536479949951, ["twelve: 98%"]], [747, 885, 253, 324, 75.85371136665344, ["seven: 75%"]]]}
