{"circle": [538, 536, 537], "coordinate": [[301, 418, 862, 937, 93.93379092216492, ["two: 93%"]], [855, 997, 306, 383, 97.25396633148193, ["seven: 97%"]], [860, 998, 697, 783, 96.63195013999939, ["five: 96%"]], [73, 206, 310, 393, 99.76447224617004, ["eleven: 99%"]], [718, 856, 880, 955, 97.36103415489197, ["four: 97%"]], [671, 810, 137, 214, 99.46871995925903, ["eight: 99%"]], [490, 632, 942, 1040, 98.4989881515503, ["three: 98%"]], [894, 1020, 532, 586, 96.39146327972412, ["six: 96%"]], [258, 367, 131, 235, 97.80862927436829, ["ten: 97%"]], [10, 133, 499, 606, 99.71120357513428, ["twelve: 99%"]], [105, 247, 773, 813, 98.9791214466095, ["one: 98%"]]]}
