{"circle": [526, 526, 518], "coordinate": [[882, 950, 497, 614, 99.47803616523743, ["ten: 99%"]], [879, 953, 412, 491, 99.07234311103821, ["seven: 99%"]]]}
