{"circle": [538, 536, 529], "coordinate": [[139, 259, 254, 366, 95.02124786376953, ["eleven: 95%"]], [497, 545, 514, 563, 70.03209590911865, ["six: 70%"]], [307, 436, 101, 227, 99.94957447052002, ["ten: 99%"]], [693, 851, 132, 204, 98.62527251243591, ["eight: 98%"]], [213, 354, 858, 951, 96.74801230430603, ["two: 96%"]], [779, 911, 814, 897, 95.92339396476746, ["five: 95%"]], [648, 753, 914, 992, 78.73700857162476, ["four: 78%"]], [841, 971, 277, 366, 96.20352983474731, ["seven: 96%"]], [888, 1037, 534, 616, 99.8080849647522, ["six: 99%"]], [412, 551, 941, 1003, 96.90147042274475, ["three: 96%"]], [110, 224, 739, 794, 91.94919466972351, ["one: 91%"]]]}
