{"circle": [536, 536, 529], "coordinate": [[452, 536, 968, 1030, 74.91874098777771, ["three: 74%"]], [689, 803, 129, 194, 97.84150719642639, ["eight: 97%"]], [948, 1048, 534, 578, 99.8819887638092, ["six: 99%"]], [251, 345, 871, 945, 99.95997548103333, ["two: 99%"]], [844, 955, 292, 353, 99.96974468231201, ["seven: 99%"]], [285, 396, 155, 245, 98.9450752735138, ["ten: 98%"]], [122, 221, 763, 809, 99.09628033638, ["one: 99%"]], [848, 945, 771, 830, 97.07231521606445, ["five: 97%"]], [495, 592, 41, 104, 98.93998503684998, ["nine: 98%"]], [136, 229, 283, 341, 99.76803064346313, ["eleven: 99%"]], [37, 129, 494, 574, 99.26936626434326, ["twelve: 99%"]], [666, 781, 914, 983, 91.93570613861084, ["four: 91%"]]]}
