{"circle": [536, 536, 529], "coordinate": [[237, 346, 825, 914, 99.88003969192505, ["two: 99%"]], [579, 678, 900, 986, 78.28200459480286, ["four: 78%"]], [264, 373, 110, 216, 99.9062716960907, ["ten: 99%"]], [426, 530, 896, 974, 93.61991286277771, ["three: 93%"]], [806, 922, 282, 361, 98.41825366020203, ["seven: 98%"]], [127, 247, 262, 342, 72.47081398963928, ["one: 72%"]], [784, 895, 761, 837, 98.70814681053162, ["five: 98%"]], [132, 241, 297, 353, 98.3871579170227, ["one: 98%"]], [844, 971, 508, 590, 99.20328259468079, ["six: 99%"]], [623, 741, 138, 210, 98.26257228851318, ["eight: 98%"]], [123, 250, 254, 290, 92.60440468788147, ["one: 92%"]], [49, 159, 471, 565, 96.5519368648529, ["twelve: 96%"]], [436, 545, 91, 165, 80.04515171051025, ["four: 80%"]], [106, 194, 697, 739, 99.63926672935486, ["one: 99%"]]]}
