{"circle": [484, 484, 484], "coordinate": [[23, 90, 433, 510, 91.40408635139465, ["twelve: 91%"]], [632, 726, 84, 145, 94.33038830757141, ["eight: 94%"]], [856, 938, 512, 549, 99.93826150894165, ["six: 99%"]], [93, 188, 232, 285, 97.27484583854675, ["eleven: 97%"]], [207, 267, 814, 865, 99.90705847740173, ["two: 99%"]], [373, 464, 51, 105, 84.20493602752686, ["nine: 84%"]], [370, 455, 867, 916, 99.334055185318, ["three: 99%"]], [248, 329, 125, 188, 99.22033548355103, ["ten: 99%"]], [774, 852, 688, 747, 99.28125739097595, ["five: 99%"]], [797, 893, 265, 323, 99.91600513458252, ["seven: 99%"]], [78, 137, 689, 727, 99.73438382148743, ["one: 99%"]]]}
