{"circle": [536, 536, 529], "coordinate": [[876, 995, 482, 547, 99.48129653930664, ["six: 99%"]], [237, 338, 861, 935, 99.9245285987854, ["two: 99%"]], [223, 314, 149, 254, 99.93394017219543, ["ten: 99%"]], [124, 225, 749, 793, 98.95879030227661, ["one: 98%"]], [601, 696, 87, 149, 97.18930125236511, ["eight: 97%"]], [822, 915, 754, 817, 99.12575483322144, ["five: 99%"]], [386, 483, 68, 135, 95.48109173774719, ["nine: 95%"]], [33, 141, 492, 607, 98.94750118255615, ["twelve: 98%"]], [450, 548, 918, 988, 83.4879994392395, ["three: 83%"]], [779, 877, 219, 281, 99.88365769386292, ["seven: 99%"]], [676, 764, 887, 951, 99.43245053291321, ["four: 99%"]], [68, 170, 325, 413, 88.35926651954651, ["eleven: 88%"]]]}
