{"circle": [516, 518, 518], "coordinate": [[52, 135, 450, 569, 78.11926603317261, ["twelve: 78%"]], [288, 427, 73, 164, 71.48115038871765, ["ten: 71%"]], [123, 257, 205, 284, 72.5089967250824, ["eleven: 72%"]], [832, 973, 670, 770, 77.94832587242126, ["five: 77%"]]]}
