{"circle": [536, 538, 528], "coordinate": [[878, 967, 317, 375, 47.124508023262024, ["seven: 47%"]], [98, 185, 695, 729, 84.28025245666504, ["one: 84%"]], [292, 367, 867, 922, 59.50999855995178, ["two: 59%"]], [852, 939, 754, 817, 37.63587176799774, ["five: 37%"]], [917, 1021, 523, 578, 84.72458124160767, ["six: 84%"]], [759, 842, 142, 209, 86.41323447227478, ["eight: 86%"]], [144, 233, 269, 317, 85.2168321609497, ["eleven: 85%"]], [696, 767, 896, 941, 89.8023009300232, ["four: 89%"]], [577, 649, 63, 147, 60.56814193725586, ["nine: 60%"]], [330, 402, 116, 199, 83.46285820007324, ["ten: 83%"]]]}
