{"circle": [486, 484, 478], "coordinate": [[754, 874, 275, 342, 98.10081720352173, ["seven: 98%"]], [82, 185, 627, 660, 99.66703057289124, ["one: 99%"]], [456, 569, 39, 138, 76.06449127197266, ["nine: 76%"]], [654, 768, 141, 213, 99.4810938835144, ["eight: 99%"]], [235, 334, 132, 216, 71.42853140830994, ["ten: 71%"]], [99, 224, 240, 319, 98.14223051071167, ["eleven: 98%"]], [203, 314, 757, 816, 93.31032037734985, ["two: 93%"]], [625, 740, 800, 863, 99.496328830719, ["four: 99%"]], [791, 906, 470, 527, 96.98119759559631, ["six: 96%"]], [399, 516, 811, 895, 99.02640581130981, ["three: 99%"]], [44, 151, 447, 538, 91.80155992507935, ["twelve: 91%"]]]}
