{"circle": [484, 484, 476], "coordinate": [[257, 343, 115, 192, 99.88585710525513, ["ten: 99%"]], [783, 884, 290, 354, 99.94980096817017, ["seven: 99%"]], [747, 852, 656, 721, 98.68643879890442, ["five: 98%"]], [38, 137, 453, 538, 94.79972720146179, ["twelve: 94%"]], [600, 696, 822, 876, 92.47543811798096, ["four: 92%"]], [452, 512, 449, 510, 79.08788919448853, ["ten: 79%"]], [633, 747, 134, 205, 98.546302318573, ["eight: 98%"]], [424, 537, 49, 102, 72.8769600391388, ["nine: 72%"]], [103, 193, 684, 721, 99.87339377403259, ["one: 99%"]], [95, 199, 279, 362, 99.53418970108032, ["eleven: 99%"]], [271, 375, 805, 857, 99.9370276927948, ["two: 99%"]], [430, 529, 870, 928, 99.65918064117432, ["three: 99%"]], [833, 929, 457, 517, 99.33971166610718, ["six: 99%"]]]}
