{"circle": [526, 526, 518], "coordinate": [[305, 368, 502, 559, 79.37880158424377, ["four: 79%"]], [868, 953, 723, 774, 96.0027813911438, ["five: 96%"]], [35, 127, 473, 564, 99.30552840232849, ["twelve: 99%"]], [306, 381, 92, 162, 99.88810420036316, ["ten: 99%"]], [479, 569, 964, 1018, 83.28335881233215, ["six: 83%"]], [110, 192, 717, 765, 99.81288313865662, ["one: 99%"]], [690, 770, 875, 929, 97.06685543060303, ["four: 97%"]], [251, 343, 848, 901, 99.83018636703491, ["two: 99%"]], [882, 964, 290, 348, 99.97729659080505, ["seven: 99%"]], [700, 790, 115, 163, 99.68199729919434, ["eight: 99%"]], [117, 193, 243, 320, 99.75060820579529, ["eleven: 99%"]], [935, 1018, 486, 549, 98.08264970779419, ["six: 98%"]], [508, 596, 35, 83, 93.2410180568695, ["nine: 93%"]]]}
