{"circle": [484, 484, 476], "coordinate": [[647, 702, 824, 860, 77.69304513931274, ["four: 77%"]], [778, 841, 689, 741, 68.26229691505432, ["five: 68%"]], [375, 450, 44, 97, 45.740118622779846, ["nine: 45%"]], [379, 450, 871, 914, 37.692245841026306, ["three: 37%"]], [248, 320, 119, 186, 53.825294971466064, ["ten: 53%"]], [81, 133, 695, 721, 92.57654547691345, ["one: 92%"]], [848, 931, 512, 548, 80.36049008369446, ["six: 80%"]], [802, 879, 267, 319, 77.3000419139862, ["seven: 77%"]], [35, 93, 433, 495, 77.48821377754211, ["twelve: 77%"]], [207, 267, 813, 853, 90.8970594406128, ["two: 90%"]], [93, 182, 235, 279, 85.16904711723328, ["eleven: 85%"]], [628, 715, 68, 133, 76.39390230178833, ["eight: 76%"]]]}
