{"circle": [538, 536, 529], "coordinate": [[212, 284, 287, 358, 99.86019730567932, ["eleven: 99%"]], [230, 307, 779, 822, 99.0727424621582, ["one: 99%"]], [334, 410, 136, 214, 99.64872598648071, ["ten: 99%"]], [752, 854, 155, 222, 96.72872424125671, ["eight: 96%"]], [886, 971, 324, 370, 99.92402791976929, ["seven: 99%"]], [545, 620, 936, 987, 76.60162448883057, ["three: 76%"]], [519, 602, 93, 144, 98.24029207229614, ["nine: 98%"]], [366, 444, 897, 956, 99.91163611412048, ["two: 99%"]], [746, 836, 826, 886, 87.5018298625946, ["seven: 87%"]], [152, 219, 507, 594, 96.1085855960846, ["twelve: 96%"]], [923, 1008, 536, 590, 99.3855893611908, ["six: 99%"]], [877, 951, 713, 766, 84.84328985214233, ["five: 84%"]]]}
