{"circle": [538, 536, 529], "coordinate": [[476, 571, 71, 131, 76.10494494438171, ["nine: 76%"]], [841, 919, 263, 325, 99.95180368423462, ["seven: 99%"]], [432, 533, 947, 1010, 86.53098344802856, ["three: 86%"]], [931, 1015, 522, 578, 99.91641044616699, ["six: 99%"]], [847, 929, 735, 795, 98.19660782814026, ["five: 98%"]], [53, 135, 461, 559, 84.34293270111084, ["twelve: 84%"]], [270, 342, 121, 201, 99.05973076820374, ["ten: 99%"]], [666, 739, 918, 984, 87.0201826095581, ["four: 87%"]], [137, 201, 260, 325, 99.91527795791626, ["eleven: 99%"]], [275, 351, 885, 952, 99.82110261917114, ["two: 99%"]], [151, 223, 758, 808, 99.6950626373291, ["one: 99%"]], [679, 761, 104, 168, 98.25848340988159, ["eight: 98%"]]]}
