{
    "circle": [
        518,
        518,
        510
    ],
    "coordinate": [
        [
            29,
            142,
            483,
            560,
            97.45025038719177,
            [
                "twelve: 97%"
            ]
        ],
        [
            711,
            809,
            864,
            919,
            97.25498557090759,
            [
                "four: 97%"
            ]
        ],
        [
            129,
            233,
            229,
            255,
            91.73756837844849,
            [
                "one: 91%"
            ]
        ],
        [
            837,
            940,
            720,
            775,
            97.57854342460632,
            [
                "five: 97%"
            ]
        ],
        [
            288,
            387,
            83,
            160,
            99.88095760345459,
            [
                "ten: 99%"
            ]
        ],
        [
            109,
            226,
            278,
            320,
            98.50583076477051,
            [
                "one: 98%"
            ]
        ],
        [
            483,
            582,
            43,
            114,
            77.16869711875916,
            [
                "nine: 77%"
            ]
        ],
        [
            841,
            953,
            321,
            390,
            99.37170743942261,
            [
                "seven: 99%"
            ]
        ],
        [
            299,
            410,
            850,
            907,
            97.55263924598694,
            [
                "two: 97%"
            ]
        ],
        [
            683,
            795,
            108,
            187,
            99.39781427383423,
            [
                "eight: 99%"
            ]
        ],
        [
            495,
            606,
            931,
            994,
            86.56846284866333,
            [
                "three: 86%"
            ]
        ],
        [
            871,
            975,
            508,
            555,
            99.19356107711792,
            [
                "six: 99%"
            ]
        ],
        [
            145,
            254,
            701,
            735,
            99.77472424507141,
            [
                "one: 99%"
            ]
        ]
    ]
}