{"coordinate": [[666, 749, 108, 168, 88.90495896339417, ["eight: 88%"]], [439, 513, 86, 137, 43.20330619812012, ["nine: 43%"]], [511, 569, 896, 934, 34.664225578308105, ["three: 34%"]], [259, 323, 171, 228, 58.50440859794617, ["ten: 58%"]], [872, 953, 475, 529, 92.10048317909241, ["six: 92%"]], [811, 915, 263, 310, 58.159416913986206, ["seven: 58%"]], [78, 182, 453, 519, 53.06333303451538, ["twelve: 53%"]], [286, 356, 831, 866, 50.92068314552307, ["two: 50%"]], [137, 192, 671, 699, 94.66924667358398, ["one: 94%"]], [740, 789, 818, 869, 89.80581760406494, ["four: 89%"]], [832, 907, 703, 755, 64.40241932868958, ["five: 64%"]], [101, 194, 314, 370, 62.991684675216675, ["eleven: 62%"]]], "circle": [516, 516, 509]}
