{"circle": [484, 484, 475], "coordinate": [[764, 877, 652, 715, 93.27764511108398, ["five: 93%"]], [417, 512, 839, 902, 81.48341178894043, ["five: 81%"]], [208, 308, 731, 801, 99.92989301681519, ["two: 99%"]], [51, 150, 424, 537, 98.51948618888855, ["twelve: 98%"]], [287, 360, 93, 158, 99.07910823822021, ["ten: 99%"]], [612, 727, 768, 820, 85.32640933990479, ["four: 85%"]], [163, 242, 663, 695, 98.94519448280334, ["one: 98%"]], [763, 854, 265, 331, 98.71101379394531, ["seven: 98%"]], [836, 941, 457, 525, 99.43063855171204, ["six: 99%"]], [131, 239, 231, 283, 99.04816746711731, ["eleven: 99%"]], [453, 545, 35, 96, 95.28381824493408, ["nine: 95%"]]]}
