{"circle": [538, 536, 536], "coordinate": [[119, 215, 272, 325, 99.70462918281555, ["eleven: 99%"]], [278, 369, 834, 910, 99.95798468589783, ["two: 99%"]], [440, 559, 960, 1016, 95.75513005256653, ["three: 95%"]], [863, 969, 350, 422, 99.87643957138062, ["seven: 99%"]], [32, 126, 470, 570, 99.72853660583496, ["twelve: 99%"]], [291, 376, 142, 222, 99.49277639389038, ["ten: 99%"]], [704, 812, 173, 231, 98.78854751586914, ["eight: 98%"]], [898, 1012, 531, 586, 99.44040775299072, ["six: 99%"]], [680, 784, 895, 953, 99.88718628883362, ["four: 99%"]], [465, 568, 74, 119, 99.35420751571655, ["nine: 99%"]], [114, 203, 710, 752, 99.85631108283997, ["one: 99%"]]]}
