{"circle": [536, 536, 529], "coordinate": [[229, 310, 850, 905, 98.19393754005432, ["two: 98%"]], [87, 193, 711, 761, 98.94676804542542, ["one: 98%"]], [249, 326, 131, 207, 99.6273398399353, ["ten: 99%"]], [392, 501, 73, 133, 98.88759255409241, ["nine: 98%"]], [96, 184, 289, 345, 99.17247295379639, ["eleven: 99%"]], [638, 775, 126, 207, 80.02526760101318, ["eight: 80%"]], [890, 1004, 511, 563, 99.04959201812744, ["six: 99%"]], [423, 515, 920, 985, 90.65943956375122, ["three: 90%"]], [41, 135, 493, 570, 99.27750825881958, ["twelve: 99%"]], [675, 798, 874, 936, 97.55063056945801, ["four: 97%"]], [862, 962, 293, 359, 96.6080904006958, ["four: 96%"]], [843, 938, 703, 770, 98.19714426994324, ["five: 98%"]]]}
