{"circle": [484, 484, 476], "coordinate": [[396, 471, 24, 74, 72.66000509262085, ["nine: 72%"]], [619, 699, 121, 173, 99.10560846328735, ["eight: 99%"]], [577, 645, 833, 898, 98.94030094146729, ["four: 98%"]], [213, 288, 787, 829, 95.4643189907074, ["nine: 95%"]], [374, 467, 889, 935, 98.92982244491577, ["three: 98%"]], [87, 147, 264, 331, 99.89275336265564, ["eleven: 99%"]], [766, 845, 700, 750, 99.67967867851257, ["five: 99%"]], [17, 77, 469, 517, 98.13603162765503, ["twelve: 98%"]], [869, 946, 481, 526, 98.1605589389801, ["six: 98%"]], [227, 301, 123, 186, 99.84470009803772, ["ten: 99%"]], [80, 144, 662, 704, 99.81445074081421, ["one: 99%"]], [828, 895, 300, 343, 99.51967597007751, ["seven: 99%"]]]}
