{"circle": [538, 536, 529], "coordinate": [[73, 179, 270, 363, 96.77624106407166, ["eleven: 96%"]], [529, 624, 76, 150, 97.24694490432739, ["nine: 97%"]], [919, 1011, 560, 609, 95.62966227531433, ["six: 95%"]], [213, 279, 904, 958, 99.82057809829712, ["two: 99%"]], [895, 981, 327, 418, 99.56178665161133, ["seven: 99%"]], [18, 86, 469, 541, 98.02936315536499, ["twelve: 98%"]], [847, 927, 800, 860, 95.48025727272034, ["five: 95%"]], [241, 324, 122, 217, 99.80474710464478, ["ten: 99%"]], [454, 553, 991, 1043, 97.58879542350769, ["three: 97%"]], [52, 114, 701, 737, 99.1834282875061, ["one: 99%"]]]}
