{"circle": [518, 516, 518], "coordinate": [[258, 334, 860, 898, 73.0782151222229, ["two: 73%"]], [111, 175, 707, 758, 99.8383641242981, ["one: 99%"]], [944, 1016, 508, 548, 97.91322946548462, ["one: 97%"]], [864, 931, 293, 337, 86.79701089859009, ["one: 86%"]], [33, 112, 457, 524, 73.6940085887909, ["eleven: 73%"]], [342, 402, 73, 127, 99.20772314071655, ["ten: 99%"]], [258, 338, 857, 903, 82.1542501449585, ["one: 82%"]], [511, 583, 37, 73, 97.14951515197754, ["nine: 97%"]], [124, 198, 211, 253, 78.05616855621338, ["eleven: 78%"]]]}
