{
    "circle": [
        478,
        484,
        480
    ],
    "coordinate": [
        [
            160,
            294,
            665,
            770,
            75.52599310874939,
            [
                "twelve: 75%"
            ]
        ],
        [
            77,
            193,
            581,
            625,
            72.48642444610596,
            [
                "seven: 72%"
            ]
        ],
        [
            581,
            672,
            774,
            884,
            98.07823896408081,
            [
                "four: 98%"
            ]
        ],
        [
            428,
            583,
            22,
            106,
            76.13193392753601,
            [
                "seven: 76%"
            ]
        ],
        [
            100,
            226,
            213,
            325,
            95.9844172000885,
            [
                "eleven: 95%"
            ]
        ],
        [
            226,
            369,
            81,
            170,
            85.98768711090088,
            [
                "ten: 85%"
            ]
        ],
        [
            766,
            876,
            254,
            332,
            70.38368582725525,
            [
                "seven: 70%"
            ]
        ],
        [
            226,
            331,
            94,
            176,
            75.85294246673584,
            [
                "ten: 75%"
            ]
        ],
        [
            19,
            144,
            419,
            525,
            96.50919437408447,
            [
                "twelve: 96%"
            ]
        ],
        [
            673,
            776,
            127,
            204,
            85.28679013252258,
            [
                "eight: 85%"
            ]
        ],
        [
            380,
            488,
            836,
            914,
            94.67683434486389,
            [
                "two: 94%"
            ]
        ]
    ]
}