{"circle": [526, 526, 518], "coordinate": [[622, 766, 910, 979, 91.5662944316864, ["seven: 91%"]], [824, 939, 219, 279, 99.97393488883972, ["seven: 99%"]], [26, 137, 513, 600, 99.08899664878845, ["twelve: 99%"]], [330, 435, 77, 161, 99.78964328765869, ["ten: 99%"]], [153, 241, 824, 872, 99.45928454399109, ["two: 99%"]], [86, 189, 705, 750, 95.3880250453949, ["one: 95%"]], [898, 1006, 536, 597, 99.8128592967987, ["six: 99%"]], [649, 781, 93, 156, 97.3029375076294, ["eight: 97%"]], [136, 287, 201, 276, 99.71965551376343, ["eleven: 99%"]], [410, 510, 941, 1010, 86.95793151855469, ["three: 86%"]]]}
