{
    "circle": [
        484,
        484,
        484
    ],
    "coordinate": [
        [
            71,
            175,
            631,
            678,
            99.71197843551636,
            [
                "one: 99%"
            ]
        ],
        [
            632,
            741,
            164,
            232,
            97.5788950920105,
            [
                "eight: 97%"
            ]
        ],
        [
            91,
            192,
            254,
            325,
            99.84778761863708,
            [
                "eleven: 99%"
            ]
        ],
        [
            563,
            663,
            820,
            879,
            97.59923219680786,
            [
                "four: 97%"
            ]
        ],
        [
            169,
            261,
            759,
            805,
            99.88271594047546,
            [
                "two: 99%"
            ]
        ],
        [
            266,
            362,
            88,
            186,
            99.70990419387817,
            [
                "ten: 99%"
            ]
        ],
        [
            15,
            95,
            436,
            504,
            74.82853531837463,
            [
                "twelve: 74%"
            ]
        ],
        [
            828,
            930,
            476,
            538,
            98.9287257194519,
            [
                "six: 98%"
            ]
        ],
        [
            355,
            463,
            864,
            921,
            77.88434624671936,
            [
                "nine: 77%"
            ]
        ],
        [
            457,
            564,
            50,
            116,
            96.59454226493835,
            [
                "nine: 96%"
            ]
        ],
        [
            784,
            864,
            274,
            338,
            99.68549013137817,
            [
                "seven: 99%"
            ]
        ],
        [
            742,
            842,
            661,
            724,
            99.0840494632721,
            [
                "five: 99%"
            ]
        ]
    ]
}