{"circle": [484, 484, 484], "coordinate": [[114, 185, 262, 329, 99.84203577041626, ["eleven: 99%"]], [595, 692, 795, 849, 91.39528274536133, ["four: 91%"]], [42, 122, 419, 493, 98.63900542259216, ["twelve: 98%"]], [620, 705, 131, 192, 97.84954190254211, ["eight: 97%"]], [437, 534, 70, 131, 98.189777135849, ["nine: 98%"]], [241, 316, 774, 825, 95.28311491012573, ["two: 95%"]], [90, 175, 639, 681, 98.68364334106445, ["one: 98%"]], [843, 936, 462, 507, 99.84902143478394, ["six: 99%"]], [771, 856, 248, 300, 93.53106021881104, ["seven: 93%"]], [419, 512, 861, 915, 99.74117875099182, ["three: 99%"]], [776, 856, 647, 704, 99.75556135177612, ["five: 99%"]], [260, 337, 119, 194, 99.36501383781433, ["ten: 99%"]]]}
