{"circle": [538, 536, 529], "coordinate": [[472, 544, 951, 1004, 71.87427878379822, ["three: 71%"]], [938, 1015, 529, 573, 99.8458743095398, ["six: 99%"]], [67, 146, 477, 565, 95.90514302253723, ["twelve: 95%"]], [270, 306, 155, 186, 74.10799264907837, ["one: 74%"]], [487, 563, 78, 117, 96.86968922615051, ["nine: 96%"]], [102, 134, 318, 347, 90.89560508728027, ["one: 90%"]]]}
