{"circle": [518, 518, 518], "coordinate": [[454, 551, 54, 110, 99.71152544021606, ["nine: 99%"]], [97, 181, 726, 768, 99.83322024345398, ["one: 99%"]], [33, 105, 455, 527, 98.99004101753235, ["twelve: 98%"]], [670, 762, 106, 173, 97.757089138031, ["eight: 97%"]], [469, 561, 895, 951, 82.7423095703125, ["three: 82%"]], [248, 321, 864, 917, 99.90611672401428, ["two: 99%"]], [254, 340, 91, 169, 99.88009929656982, ["ten: 99%"]], [701, 784, 831, 889, 84.13800001144409, ["four: 84%"]], [840, 921, 235, 280, 79.50724959373474, ["seven: 79%"]], [843, 929, 708, 756, 96.35352492332458, ["five: 96%"]], [124, 202, 217, 285, 99.39950108528137, ["eleven: 99%"]], [935, 1009, 493, 534, 99.70465302467346, ["six: 99%"]]]}
