{"circle": [520, 514, 513], "coordinate": [[885, 978, 475, 533, 99.9603807926178, ["six: 99%"]], [478, 577, 914, 983, 97.27664589881897, ["three: 97%"]], [475, 556, 608, 702, 77.22809314727783, ["seven: 77%"]], [56, 124, 492, 555, 92.98094511032104, ["two: 92%"]], [51, 121, 458, 505, 87.73888945579529, ["one: 87%"]], [822, 862, 248, 291, 90.92012643814087, ["seven: 90%"]], [782, 839, 810, 846, 98.59071969985962, ["one: 98%"]], [470, 563, 80, 156, 96.84559106826782, ["nine: 96%"]]]}
