{"circle": [518, 516, 510], "coordinate": [[338, 439, 63, 161, 99.85159039497375, ["ten: 99%"]], [26, 112, 448, 532, 98.72825145721436, ["twelve: 98%"]], [842, 957, 308, 393, 91.57164096832275, ["seven: 91%"]], [73, 163, 650, 696, 97.57183790206909, ["one: 97%"]], [732, 835, 178, 240, 98.81567358970642, ["eight: 98%"]], [313, 417, 896, 953, 99.88284707069397, ["three: 99%"]], [876, 989, 550, 627, 98.13866019248962, ["six: 98%"]], [576, 690, 70, 128, 97.73861169815063, ["nine: 97%"]], [584, 682, 920, 974, 97.25068807601929, ["four: 97%"]], [138, 232, 192, 274, 99.73105192184448, ["eleven: 99%"]], [177, 262, 782, 844, 99.67848062515259, ["two: 99%"]], [780, 889, 799, 868, 99.46847558021545, ["five: 99%"]]]}
