{"coordinate": [[782, 880, 293, 353, 33.85179042816162, ["seven: 33%"]], [52, 144, 456, 521, 86.80965304374695, ["twelve: 86%"]], [100, 180, 288, 349, 79.70417141914368, ["eleven: 79%"]], [427, 516, 38, 103, 42.435747385025024, ["nine: 42%"]], [277, 368, 806, 842, 86.51832938194275, ["two: 86%"]], [646, 730, 126, 193, 92.8152084350586, ["eight: 92%"]], [826, 927, 454, 509, 71.76752090454102, ["six: 71%"]], [749, 839, 654, 720, 89.48169350624084, ["five: 89%"]], [447, 522, 882, 926, 57.63775706291199, ["three: 57%"]], [266, 326, 116, 177, 98.5573947429657, ["ten: 98%"]], [121, 182, 683, 711, 93.92676949501038, ["one: 93%"]], [640, 689, 824, 867, 91.1095678806305, ["four: 91%"]]], "circle": [484, 484, 476]}
