{
    "circle": [
        516,
        518,
        518
    ],
    "coordinate": [
        [
            52,
            135,
            450,
            569,
            78.119295835495,
            [
                "twelve: 78%"
            ]
        ],
        [
            288,
            427,
            73,
            164,
            71.48117423057556,
            [
                "ten: 71%"
            ]
        ],
        [
            123,
            257,
            205,
            284,
            72.50902652740479,
            [
                "eleven: 72%"
            ]
        ],
        [
            832,
            973,
            670,
            770,
            77.94823050498962,
            [
                "five: 77%"
            ]
        ]
    ]
}