{"circle": [526, 526, 517], "coordinate": [[25, 109, 470, 544, 84.40185785293579, ["twelve: 84%"]], [877, 942, 272, 312, 99.87778067588806, ["seven: 99%"]], [254, 344, 90, 170, 99.79919195175171, ["ten: 99%"]], [649, 749, 88, 153, 81.08869194984436, ["eight: 81%"]], [316, 404, 907, 958, 99.29230213165283, ["two: 99%"]], [686, 764, 879, 932, 93.29306483268738, ["four: 93%"]], [114, 192, 717, 760, 99.8451828956604, ["one: 99%"]], [934, 1018, 487, 541, 99.79081153869629, ["six: 99%"]]]}
