{"circle": [526, 526, 518], "coordinate": [[298, 402, 643, 724, 99.0371823310852, ["seven: 99%"]], [745, 850, 486, 576, 93.04988384246826, ["two: 93%"]]]}
