{"circle": [518, 518, 518], "coordinate": [[70, 165, 660, 701, 98.44658374786377, ["one: 98%"]], [172, 278, 192, 258, 99.72259402275085, ["eleven: 99%"]], [215, 295, 773, 852, 99.94639754295349, ["two: 99%"]], [330, 407, 87, 155, 99.77860450744629, ["ten: 99%"]], [27, 128, 459, 539, 91.22530221939087, ["twelve: 91%"]], [630, 729, 838, 907, 99.05645847320557, ["four: 99%"]], [886, 960, 502, 558, 93.01162958145142, ["six: 93%"]], [788, 910, 247, 321, 99.6905267238617, ["seven: 99%"]], [394, 497, 830, 910, 91.01299047470093, ["two: 91%"]], [654, 761, 113, 176, 99.36577677726746, ["eight: 99%"]], [347, 428, 655, 728, 99.18527007102966, ["seven: 99%"]], [773, 876, 722, 797, 98.71243238449097, ["five: 98%"]]]}
