{"coordinate": [[426, 507, 930, 975, 69.59713697433472, ["three: 69%"]], [896, 987, 511, 552, 89.05503749847412, ["six: 89%"]], [847, 927, 703, 768, 60.08838415145874, ["five: 60%"]], [257, 316, 134, 190, 80.42666912078857, ["ten: 80%"]], [698, 791, 873, 922, 83.1010639667511, ["four: 83%"]], [49, 133, 489, 556, 80.9693694114685, ["twelve: 80%"]], [92, 181, 706, 745, 91.37820601463318, ["one: 91%"]], [408, 481, 72, 126, 72.26470708847046, ["nine: 72%"]], [104, 175, 287, 336, 97.38146662712097, ["eleven: 97%"]], [240, 298, 851, 888, 82.87115097045898, ["two: 82%"]], [639, 769, 124, 188, 93.05812120437622, ["eight: 93%"]]], "circle": [536, 536, 529]}
