{
    "circle": [
        536,
        536,
        529
    ],
    "coordinate": [
        [
            621,
            783,
            188,
            282,
            78.24104428291321,
            [
                "one: 78%"
            ]
        ],
        [
            590,
            689,
            915,
            976,
            95.34473419189453,
            [
                "four: 95%"
            ]
        ],
        [
            736,
            844,
            845,
            914,
            99.95723366737366,
            [
                "five: 99%"
            ]
        ],
        [
            666,
            970,
            203,
            310,
            93.38628649711609,
            [
                "two: 93%"
            ]
        ],
        [
            412,
            528,
            919,
            990,
            98.62415790557861,
            [
                "three: 98%"
            ]
        ],
        [
            98,
            209,
            690,
            753,
            97.00177907943726,
            [
                "one: 97%"
            ]
        ],
        [
            889,
            1005,
            534,
            603,
            79.26468849182129,
            [
                "nine: 79%"
            ]
        ],
        [
            210,
            313,
            848,
            908,
            98.82224202156067,
            [
                "two: 98%"
            ]
        ],
        [
            385,
            583,
            76,
            143,
            88.38845491409302,
            [
                "one: 88%"
            ]
        ],
        [
            19,
            130,
            451,
            544,
            97.69490361213684,
            [
                "twelve: 97%"
            ]
        ],
        [
            874,
            1000,
            626,
            691,
            96.21478319168091,
            [
                "eight: 96%"
            ]
        ]
    ]
}